assets/img_1000.jpeg,white,happy,Woman,32
Filename,Race,Emotion,Gender,Age
assets/img_1.jpeg,asian,happy,Man,25
assets/img_2.jpeg,white,sad,Woman,31
assets/img_3.jpeg,latino hispanic,sad,Man,49
assets/img_4.jpeg,white,neutral,Woman,18
assets/img_5.jpeg,white,happy,Woman,27
assets/img_6.jpeg,latino hispanic,neutral,Man,26
assets/img_7.jpeg,asian,neutral,Man,23
assets/img_8.jpeg,middle eastern,neutral,Man,26
assets/img_9.jpeg,white,happy,Man,26
assets/img_10.jpeg,white,neutral,Woman,47
assets/img_11.jpeg,white,neutral,Man,29
assets/img_12.jpeg,latino hispanic,neutral,Woman,25
assets/img_13.jpeg,white,happy,Woman,43
assets/img_14.jpeg,white,happy,Man,23
assets/img_15.jpeg,white,happy,Man,22
assets/img_16.jpeg,asian,neutral,Man,20
assets/img_17.jpeg,white,neutral,Woman,28
assets/img_18.jpeg,white,neutral,Woman,31
assets/img_19.jpeg,white,happy,Man,51
assets/img_20.jpeg,white,happy,Woman,26
assets/img_21.jpeg,white,happy,Man,34
assets/img_22.jpeg,white,happy,Man,34
assets/img_23.jpeg,asian,happy,Man,28
assets/img_24.jpeg,white,happy,Woman,31
assets/img_25.jpeg,white,happy,Man,26
assets/img_26.jpeg,white,happy,Woman,29
assets/img_27.jpeg,white,happy,Woman,29
assets/img_28.jpeg,white,happy,Woman,35
assets/img_29.jpeg,white,happy,Man,25
assets/img_30.jpeg,white,neutral,Man,21
assets/img_31.jpeg,white,happy,Man,27
assets/img_32.jpeg,,,,
assets/img_33.jpeg,white,neutral,Woman,23
assets/img_34.jpeg,latino hispanic,happy,Man,25
assets/img_35.jpeg,asian,neutral,Man,25
assets/img_36.jpeg,white,happy,Man,23
assets/img_37.jpeg,white,happy,Woman,31
assets/img_38.jpeg,asian,neutral,Woman,25
assets/img_39.jpeg,white,happy,Man,22
assets/img_40.jpeg,white,neutral,Man,32
assets/img_41.jpeg,white,happy,Woman,26
assets/img_42.jpeg,white,happy,Woman,25
assets/img_43.jpeg,white,happy,Woman,27
assets/img_44.jpeg,middle eastern,happy,Man,27
assets/img_45.jpeg,white,neutral,Woman,32
assets/img_46.jpeg,white,happy,Man,22
assets/img_47.jpeg,white,happy,Man,46
assets/img_48.jpeg,white,happy,Woman,37
assets/img_49.jpeg,latino hispanic,happy,Woman,27
assets/img_50.jpeg,white,happy,Man,35
assets/img_51.jpeg,white,happy,Woman,23
assets/img_52.jpeg,white,happy,Woman,22
assets/img_53.jpeg,white,happy,Woman,29
assets/img_54.jpeg,white,happy,Man,25
assets/img_55.jpeg,middle eastern,neutral,Man,29
assets/img_56.jpeg,white,sad,Man,27
assets/img_57.jpeg,asian,happy,Woman,28
assets/img_58.jpeg,asian,happy,Man,32
assets/img_59.jpeg,white,sad,Woman,31
assets/img_60.jpeg,white,neutral,Man,31
assets/img_61.jpeg,white,happy,Man,28
assets/img_62.jpeg,white,happy,Man,25
assets/img_63.jpeg,white,happy,Woman,32
assets/img_64.jpeg,middle eastern,angry,Man,32
assets/img_65.jpeg,asian,happy,Woman,32
assets/img_66.jpeg,latino hispanic,neutral,Man,28
assets/img_67.jpeg,white,neutral,Woman,19
assets/img_68.jpeg,white,neutral,Man,30
assets/img_69.jpeg,white,neutral,Woman,32
assets/img_70.jpeg,white,happy,Woman,28
assets/img_71.jpeg,white,sad,Woman,31
assets/img_72.jpeg,asian,neutral,Woman,34
assets/img_73.jpeg,asian,happy,Man,14
assets/img_74.jpeg,white,happy,Man,23
assets/img_75.jpeg,latino hispanic,neutral,Woman,30
assets/img_76.jpeg,latino hispanic,neutral,Woman,27
assets/img_77.jpeg,white,happy,Woman,26
assets/img_78.jpeg,asian,happy,Man,32
assets/img_79.jpeg,white,neutral,Man,26
assets/img_80.jpeg,white,happy,Woman,29
assets/img_81.jpeg,white,happy,Woman,38
assets/img_82.jpeg,white,neutral,Man,24
assets/img_83.jpeg,white,happy,Man,25
assets/img_84.jpeg,asian,happy,Man,15
assets/img_85.jpeg,white,neutral,Man,30
assets/img_86.jpeg,white,happy,Man,35
assets/img_87.jpeg,white,happy,Woman,30
assets/img_88.jpeg,white,happy,Woman,34
assets/img_89.jpeg,white,happy,Woman,22
assets/img_90.jpeg,white,happy,Man,25
assets/img_91.jpeg,white,happy,Woman,37
assets/img_92.jpeg,white,happy,Woman,29
assets/img_93.jpeg,white,happy,Man,48
assets/img_94.jpeg,white,happy,Man,28
assets/img_95.jpeg,white,neutral,Woman,24
assets/img_96.jpeg,white,happy,Woman,29
assets/img_97.jpeg,white,happy,Woman,33
assets/img_98.jpeg,white,fear,Woman,34
assets/img_99.jpeg,asian,angry,Man,23
assets/img_100.jpeg,white,happy,Man,27
assets/img_101.jpeg,middle eastern,neutral,Man,24
assets/img_102.jpeg,latino hispanic,happy,Woman,23
assets/img_103.jpeg,white,sad,Man,46
assets/img_104.jpeg,white,happy,Woman,31
assets/img_105.jpeg,white,neutral,Man,28
assets/img_106.jpeg,white,neutral,Woman,33
assets/img_107.jpeg,white,happy,Woman,32
assets/img_108.jpeg,asian,happy,Woman,28
assets/img_109.jpeg,latino hispanic,happy,Woman,33
assets/img_110.jpeg,white,sad,Man,39
assets/img_111.jpeg,white,happy,Man,44
assets/img_112.jpeg,white,happy,Man,23
assets/img_113.jpeg,white,happy,Man,43
assets/img_114.jpeg,asian,fear,Woman,33
assets/img_115.jpeg,black,happy,Woman,31
assets/img_116.jpeg,white,fear,Woman,29
assets/img_117.jpeg,white,fear,Man,33
assets/img_118.jpeg,white,neutral,Woman,31
assets/img_119.jpeg,middle eastern,happy,Man,25
assets/img_120.jpeg,white,neutral,Woman,20
assets/img_121.jpeg,white,happy,Woman,26
assets/img_122.jpeg,latino hispanic,happy,Woman,31
assets/img_123.jpeg,white,happy,Woman,30
assets/img_124.jpeg,white,happy,Man,31
assets/img_125.jpeg,white,happy,Woman,36
assets/img_126.jpeg,latino hispanic,neutral,Woman,32
assets/img_127.jpeg,white,neutral,Woman,33
assets/img_128.jpeg,white,happy,Woman,33
assets/img_129.jpeg,asian,happy,Man,24
assets/img_130.jpeg,asian,happy,Woman,31
assets/img_131.jpeg,white,happy,Woman,36
assets/img_132.jpeg,middle eastern,happy,Man,42
assets/img_133.jpeg,asian,neutral,Woman,31
assets/img_134.jpeg,white,happy,Man,27
assets/img_135.jpeg,white,neutral,Man,27
assets/img_136.jpeg,latino hispanic,happy,Woman,26
assets/img_137.jpeg,white,neutral,Woman,37
assets/img_138.jpeg,white,happy,Man,29
assets/img_139.jpeg,latino hispanic,neutral,Man,33
assets/img_140.jpeg,latino hispanic,happy,Woman,31
assets/img_141.jpeg,white,neutral,Man,30
assets/img_142.jpeg,white,sad,Woman,28
assets/img_143.jpeg,white,sad,Woman,28
assets/img_144.jpeg,latino hispanic,happy,Woman,32
assets/img_145.jpeg,white,happy,Man,35
assets/img_146.jpeg,white,happy,Man,28
assets/img_147.jpeg,white,happy,Woman,32
assets/img_148.jpeg,white,neutral,Woman,37
assets/img_149.jpeg,white,happy,Man,30
assets/img_150.jpeg,black,neutral,Man,33
assets/img_151.jpeg,white,neutral,Woman,29
assets/img_152.jpeg,white,happy,Woman,35
assets/img_153.jpeg,latino hispanic,sad,Woman,31
assets/img_154.jpeg,white,neutral,Man,23
assets/img_155.jpeg,white,fear,Woman,28
assets/img_156.jpeg,asian,happy,Man,25
assets/img_157.jpeg,white,happy,Woman,32
assets/img_158.jpeg,white,happy,Woman,24
assets/img_159.jpeg,white,happy,Woman,27
assets/img_160.jpeg,white,neutral,Man,26
assets/img_161.jpeg,white,happy,Woman,27
assets/img_162.jpeg,white,happy,Man,24
assets/img_163.jpeg,white,fear,Woman,24
assets/img_164.jpeg,asian,fear,Woman,32
assets/img_165.jpeg,white,sad,Man,28
assets/img_166.jpeg,white,happy,Man,25
assets/img_167.jpeg,white,neutral,Man,13
assets/img_168.jpeg,latino hispanic,happy,Man,22
assets/img_169.jpeg,white,happy,Woman,30
assets/img_170.jpeg,white,neutral,Woman,33
assets/img_171.jpeg,white,happy,Man,21
assets/img_172.jpeg,asian,neutral,Woman,30
assets/img_173.jpeg,indian,happy,Man,27
assets/img_174.jpeg,white,happy,Man,34
assets/img_175.jpeg,white,happy,Man,43
assets/img_176.jpeg,white,neutral,Man,33
assets/img_177.jpeg,white,happy,Man,24
assets/img_178.jpeg,latino hispanic,happy,Woman,29
assets/img_179.jpeg,white,happy,Woman,32
assets/img_180.jpeg,white,happy,Woman,28
assets/img_181.jpeg,middle eastern,happy,Man,28
assets/img_182.jpeg,white,happy,Man,24
assets/img_183.jpeg,asian,neutral,Woman,32
assets/img_184.jpeg,asian,happy,Woman,28
assets/img_185.jpeg,white,happy,Woman,29
assets/img_186.jpeg,white,neutral,Man,26
assets/img_187.jpeg,white,neutral,Man,23
assets/img_188.jpeg,white,happy,Man,22
assets/img_189.jpeg,middle eastern,neutral,Woman,30
assets/img_190.jpeg,white,happy,Woman,29
assets/img_191.jpeg,latino hispanic,happy,Woman,34
assets/img_192.jpeg,white,neutral,Man,25
assets/img_193.jpeg,white,neutral,Man,31
assets/img_194.jpeg,white,happy,Man,25
assets/img_195.jpeg,white,happy,Woman,23
assets/img_196.jpeg,white,neutral,Woman,30
assets/img_197.jpeg,white,happy,Man,21
assets/img_198.jpeg,white,neutral,Man,29
assets/img_199.jpeg,white,angry,Woman,34
assets/img_200.jpeg,white,happy,Woman,30
assets/img_201.jpeg,white,happy,Man,27
assets/img_202.jpeg,white,happy,Man,27
assets/img_203.jpeg,white,happy,Man,48
assets/img_204.jpeg,white,happy,Man,32
assets/img_205.jpeg,white,happy,Woman,33
assets/img_206.jpeg,white,happy,Man,27
assets/img_207.jpeg,white,happy,Woman,34
assets/img_208.jpeg,white,happy,Woman,21
assets/img_209.jpeg,white,happy,Woman,30
assets/img_210.jpeg,white,happy,Woman,31
assets/img_211.jpeg,white,happy,Woman,32
assets/img_212.jpeg,white,fear,Woman,33
assets/img_213.jpeg,white,happy,Woman,24
assets/img_214.jpeg,white,happy,Woman,28
assets/img_215.jpeg,white,surprise,Woman,29
assets/img_216.jpeg,middle eastern,neutral,Man,27
assets/img_217.jpeg,white,neutral,Man,26
assets/img_218.jpeg,white,happy,Man,28
assets/img_219.jpeg,latino hispanic,happy,Man,24
assets/img_220.jpeg,middle eastern,happy,Man,29
assets/img_221.jpeg,white,happy,Man,25
assets/img_222.jpeg,white,happy,Woman,30
assets/img_223.jpeg,white,sad,Woman,32
assets/img_224.jpeg,asian,happy,Man,29
assets/img_225.jpeg,black,sad,Man,34
assets/img_226.jpeg,white,happy,Woman,26
assets/img_227.jpeg,asian,happy,Man,26
assets/img_228.jpeg,indian,happy,Woman,41
assets/img_229.jpeg,asian,neutral,Woman,30
assets/img_230.jpeg,asian,happy,Woman,27
assets/img_231.jpeg,asian,happy,Man,26
assets/img_232.jpeg,white,happy,Man,27
assets/img_233.jpeg,white,fear,Woman,22
assets/img_234.jpeg,white,angry,Man,35
assets/img_235.jpeg,asian,happy,Man,25
assets/img_236.jpeg,latino hispanic,happy,Woman,27
assets/img_237.jpeg,white,happy,Woman,15
assets/img_238.jpeg,white,happy,Woman,23
assets/img_239.jpeg,white,happy,Woman,30
assets/img_240.jpeg,white,happy,Man,28
assets/img_241.jpeg,white,happy,Woman,26
assets/img_242.jpeg,white,happy,Woman,26
assets/img_243.jpeg,white,sad,Man,33
assets/img_244.jpeg,white,sad,Woman,28
assets/img_245.jpeg,white,happy,Man,24
assets/img_246.jpeg,latino hispanic,neutral,Man,26
assets/img_247.jpeg,white,happy,Woman,26
assets/img_248.jpeg,asian,happy,Woman,26
assets/img_249.jpeg,asian,neutral,Man,32
assets/img_250.jpeg,white,happy,Woman,26
assets/img_251.jpeg,asian,happy,Man,26
assets/img_252.jpeg,latino hispanic,happy,Woman,30
assets/img_253.jpeg,white,neutral,Woman,29
assets/img_254.jpeg,white,neutral,Man,40
assets/img_255.jpeg,white,fear,Man,24
assets/img_256.jpeg,asian,neutral,Man,18
assets/img_257.jpeg,white,neutral,Man,26
assets/img_258.jpeg,latino hispanic,happy,Woman,32
assets/img_259.jpeg,middle eastern,neutral,Man,35
assets/img_260.jpeg,white,happy,Man,40
assets/img_261.jpeg,white,happy,Man,31
assets/img_262.jpeg,white,neutral,Man,34
assets/img_263.jpeg,asian,neutral,Man,23
assets/img_264.jpeg,asian,sad,Woman,30
assets/img_265.jpeg,white,neutral,Man,41
assets/img_266.jpeg,white,happy,Woman,31
assets/img_267.jpeg,middle eastern,neutral,Woman,33
assets/img_268.jpeg,middle eastern,happy,Man,25
assets/img_269.jpeg,white,happy,Woman,24
assets/img_270.jpeg,white,happy,Woman,33
assets/img_271.jpeg,white,neutral,Woman,29
assets/img_272.jpeg,middle eastern,happy,Man,26
assets/img_273.jpeg,white,neutral,Man,32
assets/img_274.jpeg,white,happy,Woman,34
assets/img_275.jpeg,white,happy,Woman,33
assets/img_276.jpeg,white,happy,Woman,31
assets/img_277.jpeg,white,neutral,Woman,28
assets/img_278.jpeg,white,happy,Woman,25
assets/img_279.jpeg,white,happy,Man,21
assets/img_280.jpeg,asian,neutral,Woman,28
assets/img_281.jpeg,white,happy,Man,26
assets/img_282.jpeg,white,neutral,Man,27
assets/img_283.jpeg,white,happy,Woman,29
assets/img_284.jpeg,white,happy,Man,30
assets/img_285.jpeg,white,happy,Man,27
assets/img_286.jpeg,white,happy,Man,27
assets/img_287.jpeg,white,happy,Man,25
assets/img_288.jpeg,white,happy,Woman,36
assets/img_289.jpeg,white,happy,Man,28
assets/img_290.jpeg,white,happy,Woman,28
assets/img_291.jpeg,asian,happy,Woman,31
assets/img_292.jpeg,white,happy,Woman,24
assets/img_293.jpeg,latino hispanic,happy,Woman,24
assets/img_294.jpeg,asian,happy,Woman,37
assets/img_295.jpeg,asian,happy,Woman,37
assets/img_296.jpeg,white,happy,Man,27
assets/img_297.jpeg,asian,happy,Man,24
assets/img_298.jpeg,middle eastern,happy,Man,25
assets/img_299.jpeg,white,neutral,Man,36
assets/img_300.jpeg,white,fear,Woman,36
assets/img_301.jpeg,indian,happy,Woman,27
assets/img_302.jpeg,white,neutral,Woman,22
assets/img_303.jpeg,white,happy,Man,45
assets/img_304.jpeg,white,angry,Man,31
assets/img_305.jpeg,white,happy,Woman,28
assets/img_306.jpeg,white,happy,Woman,42
assets/img_307.jpeg,white,happy,Man,24
assets/img_308.jpeg,asian,happy,Man,23
assets/img_309.jpeg,white,neutral,Man,25
assets/img_310.jpeg,white,happy,Woman,29
assets/img_311.jpeg,latino hispanic,sad,Man,20
assets/img_312.jpeg,latino hispanic,neutral,Woman,26
assets/img_313.jpeg,white,neutral,Man,31
assets/img_314.jpeg,white,happy,Woman,27
assets/img_315.jpeg,white,happy,Man,26
assets/img_316.jpeg,latino hispanic,happy,Man,32
assets/img_317.jpeg,white,sad,Woman,33
assets/img_318.jpeg,white,happy,Woman,28
assets/img_319.jpeg,white,sad,Woman,37
assets/img_320.jpeg,white,happy,Woman,26
assets/img_321.jpeg,white,happy,Man,36
assets/img_322.jpeg,white,happy,Man,27
assets/img_323.jpeg,white,neutral,Woman,23
assets/img_324.jpeg,white,happy,Woman,32
assets/img_325.jpeg,white,happy,Man,29
assets/img_326.jpeg,white,fear,Woman,22
assets/img_327.jpeg,white,sad,Woman,31
assets/img_328.jpeg,white,happy,Woman,42
assets/img_329.jpeg,white,happy,Man,28
assets/img_330.jpeg,white,happy,Woman,35
assets/img_331.jpeg,asian,happy,Man,32
assets/img_332.jpeg,asian,happy,Man,23
assets/img_333.jpeg,white,happy,Woman,32
assets/img_334.jpeg,white,happy,Man,25
assets/img_335.jpeg,asian,happy,Man,23
assets/img_336.jpeg,asian,happy,Woman,25
assets/img_337.jpeg,white,happy,Man,27
assets/img_338.jpeg,white,happy,Woman,35
assets/img_339.jpeg,white,neutral,Woman,32
assets/img_340.jpeg,white,happy,Woman,34
assets/img_341.jpeg,asian,happy,Man,22
assets/img_342.jpeg,latino hispanic,happy,Woman,32
assets/img_343.jpeg,latino hispanic,happy,Woman,32
assets/img_344.jpeg,asian,happy,Woman,26
assets/img_345.jpeg,asian,happy,Woman,26
assets/img_346.jpeg,white,happy,Man,25
assets/img_347.jpeg,white,neutral,Man,27
assets/img_348.jpeg,white,angry,Man,22
assets/img_349.jpeg,latino hispanic,fear,Woman,34
assets/img_350.jpeg,middle eastern,happy,Man,27
assets/img_351.jpeg,white,happy,Woman,35
assets/img_352.jpeg,white,happy,Woman,31
assets/img_353.jpeg,white,happy,Man,36
assets/img_354.jpeg,white,happy,Woman,32
assets/img_355.jpeg,white,happy,Woman,30
assets/img_356.jpeg,white,happy,Man,24
assets/img_357.jpeg,white,happy,Woman,32
assets/img_358.jpeg,white,happy,Woman,30
assets/img_359.jpeg,white,happy,Man,50
assets/img_360.jpeg,indian,happy,Man,27
assets/img_361.jpeg,asian,happy,Man,24
assets/img_362.jpeg,indian,sad,Man,34
assets/img_363.jpeg,asian,happy,Woman,32
assets/img_364.jpeg,asian,happy,Woman,20
assets/img_365.jpeg,middle eastern,neutral,Woman,31
assets/img_366.jpeg,white,neutral,Woman,27
assets/img_367.jpeg,white,happy,Man,30
assets/img_368.jpeg,white,happy,Man,25
assets/img_369.jpeg,white,happy,Woman,21
assets/img_370.jpeg,latino hispanic,happy,Woman,30
assets/img_371.jpeg,white,happy,Man,25
assets/img_372.jpeg,white,happy,Man,27
assets/img_373.jpeg,white,happy,Man,36
assets/img_374.jpeg,latino hispanic,neutral,Man,25
assets/img_375.jpeg,asian,happy,Man,24
assets/img_376.jpeg,latino hispanic,happy,Woman,26
assets/img_377.jpeg,black,happy,Man,28
assets/img_378.jpeg,white,fear,Man,40
assets/img_379.jpeg,white,happy,Woman,14
assets/img_380.jpeg,white,neutral,Man,29
assets/img_381.jpeg,white,happy,Woman,29
assets/img_382.jpeg,white,happy,Man,22
assets/img_383.jpeg,white,happy,Woman,36
assets/img_384.jpeg,asian,happy,Man,28
assets/img_385.jpeg,asian,happy,Woman,34
assets/img_386.jpeg,white,happy,Man,44
assets/img_387.jpeg,white,happy,Woman,37
assets/img_388.jpeg,white,angry,Man,25
assets/img_389.jpeg,white,happy,Woman,31
assets/img_390.jpeg,white,happy,Woman,30
assets/img_391.jpeg,white,neutral,Woman,27
assets/img_392.jpeg,white,sad,Man,27
assets/img_393.jpeg,white,neutral,Woman,25
assets/img_394.jpeg,white,happy,Man,25
assets/img_395.jpeg,white,neutral,Woman,31
assets/img_396.jpeg,white,happy,Man,28
assets/img_397.jpeg,white,happy,Man,33
assets/img_398.jpeg,asian,neutral,Man,25
assets/img_399.jpeg,white,happy,Man,27
assets/img_400.jpeg,white,sad,Man,34
assets/img_401.jpeg,white,happy,Man,38
assets/img_402.jpeg,white,sad,Woman,30
assets/img_403.jpeg,white,neutral,Woman,28
assets/img_404.jpeg,white,happy,Woman,33
assets/img_405.jpeg,white,happy,Man,28
assets/img_406.jpeg,asian,happy,Man,56
assets/img_407.jpeg,white,neutral,Man,20
assets/img_408.jpeg,white,happy,Man,36
assets/img_409.jpeg,white,neutral,Man,28
assets/img_410.jpeg,latino hispanic,happy,Man,27
assets/img_411.jpeg,white,happy,Woman,20
assets/img_412.jpeg,white,happy,Woman,20
assets/img_413.jpeg,asian,happy,Woman,31
assets/img_414.jpeg,white,happy,Woman,26
assets/img_415.jpeg,white,neutral,Woman,29
assets/img_416.jpeg,latino hispanic,happy,Man,28
assets/img_417.jpeg,white,happy,Man,40
assets/img_418.jpeg,latino hispanic,happy,Man,42
assets/img_419.jpeg,white,happy,Woman,36
assets/img_420.jpeg,white,neutral,Man,29
assets/img_421.jpeg,white,happy,Woman,35
assets/img_422.jpeg,latino hispanic,happy,Man,25
assets/img_423.jpeg,asian,happy,Man,34
assets/img_424.jpeg,white,happy,Woman,34
assets/img_425.jpeg,white,happy,Woman,30
assets/img_426.jpeg,black,happy,Man,30
assets/img_427.jpeg,white,happy,Woman,27
assets/img_428.jpeg,white,happy,Woman,30
assets/img_429.jpeg,white,sad,Man,31
assets/img_430.jpeg,white,happy,Man,47
assets/img_431.jpeg,white,happy,Woman,39
assets/img_432.jpeg,white,neutral,Man,24
assets/img_433.jpeg,white,happy,Woman,34
assets/img_434.jpeg,middle eastern,happy,Man,28
assets/img_435.jpeg,white,happy,Woman,32
assets/img_436.jpeg,asian,happy,Man,26
assets/img_437.jpeg,middle eastern,neutral,Man,23
assets/img_438.jpeg,white,happy,Man,23
assets/img_439.jpeg,white,neutral,Man,31
assets/img_440.jpeg,white,happy,Woman,27
assets/img_441.jpeg,middle eastern,neutral,Man,29
assets/img_442.jpeg,white,happy,Man,22
assets/img_443.jpeg,white,happy,Woman,31
assets/img_444.jpeg,latino hispanic,happy,Man,22
assets/img_445.jpeg,white,happy,Man,24
assets/img_446.jpeg,asian,happy,Woman,17
assets/img_447.jpeg,white,happy,Man,47
assets/img_448.jpeg,white,happy,Woman,28
assets/img_449.jpeg,asian,sad,Man,25
assets/img_450.jpeg,white,happy,Man,27
assets/img_451.jpeg,middle eastern,happy,Woman,29
assets/img_452.jpeg,white,neutral,Man,29
assets/img_453.jpeg,white,sad,Man,33
assets/img_454.jpeg,white,happy,Man,27
assets/img_455.jpeg,white,fear,Woman,32
assets/img_456.jpeg,asian,neutral,Woman,28
assets/img_457.jpeg,white,happy,Man,26
assets/img_458.jpeg,asian,happy,Woman,30
assets/img_459.jpeg,latino hispanic,neutral,Man,40
assets/img_460.jpeg,white,happy,Woman,25
assets/img_461.jpeg,white,happy,Man,26
assets/img_462.jpeg,white,happy,Man,25
assets/img_463.jpeg,white,happy,Man,26
assets/img_464.jpeg,asian,neutral,Man,24
assets/img_465.jpeg,black,happy,Man,25
assets/img_466.jpeg,asian,happy,Woman,30
assets/img_467.jpeg,white,happy,Man,33
assets/img_468.jpeg,latino hispanic,neutral,Man,25
assets/img_469.jpeg,white,happy,Man,35
assets/img_470.jpeg,white,sad,Woman,36
assets/img_471.jpeg,white,neutral,Man,20
assets/img_472.jpeg,white,happy,Man,37
assets/img_473.jpeg,white,happy,Woman,30
assets/img_474.jpeg,middle eastern,happy,Man,24
assets/img_475.jpeg,white,happy,Man,48
assets/img_476.jpeg,white,happy,Woman,29
assets/img_477.jpeg,white,fear,Woman,36
assets/img_478.jpeg,asian,neutral,Man,33
assets/img_479.jpeg,white,happy,Man,36
assets/img_480.jpeg,white,happy,Man,30
assets/img_481.jpeg,white,happy,Woman,24
assets/img_482.jpeg,white,happy,Man,24
assets/img_483.jpeg,white,happy,Woman,39
assets/img_484.jpeg,white,happy,Man,27
assets/img_485.jpeg,white,neutral,Man,25
assets/img_486.jpeg,white,happy,Woman,28
assets/img_487.jpeg,white,happy,Man,44
assets/img_488.jpeg,white,happy,Woman,25
assets/img_489.jpeg,white,happy,Man,26
assets/img_490.jpeg,white,neutral,Woman,27
assets/img_491.jpeg,asian,angry,Woman,26
assets/img_492.jpeg,white,neutral,Man,44
assets/img_493.jpeg,white,happy,Man,26
assets/img_494.jpeg,middle eastern,neutral,Man,48
assets/img_495.jpeg,white,neutral,Man,24
assets/img_496.jpeg,white,neutral,Woman,26
assets/img_497.jpeg,white,neutral,Woman,32
assets/img_498.jpeg,asian,happy,Man,26
assets/img_499.jpeg,asian,neutral,Man,24
assets/img_500.jpeg,latino hispanic,fear,Woman,33
assets/img_501.jpeg,white,happy,Woman,20
assets/img_502.jpeg,indian,happy,Woman,30
assets/img_503.jpeg,white,happy,Woman,36
assets/img_504.jpeg,white,neutral,Woman,32
assets/img_505.jpeg,white,neutral,Woman,28
assets/img_506.jpeg,white,happy,Man,27
assets/img_507.jpeg,asian,neutral,Man,16
assets/img_508.jpeg,latino hispanic,neutral,Man,15
assets/img_509.jpeg,white,happy,Woman,28
assets/img_510.jpeg,white,happy,Man,35
assets/img_511.jpeg,white,happy,Man,23
assets/img_512.jpeg,white,happy,Man,52
assets/img_513.jpeg,latino hispanic,happy,Man,25
assets/img_514.jpeg,latino hispanic,neutral,Man,26
assets/img_515.jpeg,white,happy,Woman,31
assets/img_516.jpeg,white,happy,Woman,30
assets/img_517.jpeg,white,happy,Man,24
assets/img_518.jpeg,white,happy,Man,29
assets/img_519.jpeg,white,sad,Man,32
assets/img_520.jpeg,white,happy,Woman,24
assets/img_521.jpeg,white,happy,Man,24
assets/img_522.jpeg,white,happy,Man,33
assets/img_523.jpeg,asian,sad,Woman,28
assets/img_524.jpeg,white,happy,Woman,26
assets/img_525.jpeg,black,happy,Man,28
assets/img_526.jpeg,black,happy,Man,28
assets/img_527.jpeg,white,happy,Man,32
assets/img_528.jpeg,white,happy,Woman,22
assets/img_529.jpeg,white,happy,Woman,28
assets/img_530.jpeg,white,happy,Man,32
assets/img_531.jpeg,latino hispanic,happy,Woman,30
assets/img_532.jpeg,white,angry,Man,31
assets/img_533.jpeg,white,happy,Woman,27
assets/img_534.jpeg,latino hispanic,neutral,Man,16
assets/img_535.jpeg,white,happy,Man,26
assets/img_536.jpeg,white,happy,Man,26
assets/img_537.jpeg,white,happy,Woman,40
assets/img_538.jpeg,white,neutral,Woman,27
assets/img_539.jpeg,white,happy,Woman,29
assets/img_540.jpeg,white,happy,Man,18
assets/img_541.jpeg,white,neutral,Woman,25
assets/img_542.jpeg,middle eastern,neutral,Woman,38
assets/img_543.jpeg,white,happy,Man,29
assets/img_544.jpeg,white,happy,Woman,30
assets/img_545.jpeg,white,happy,Man,27
assets/img_546.jpeg,white,happy,Woman,23
assets/img_547.jpeg,white,happy,Woman,34
assets/img_548.jpeg,asian,happy,Man,28
assets/img_549.jpeg,asian,happy,Man,30
assets/img_550.jpeg,asian,neutral,Man,23
assets/img_551.jpeg,white,happy,Woman,33
assets/img_552.jpeg,white,happy,Woman,30
assets/img_553.jpeg,white,happy,Woman,30
assets/img_554.jpeg,white,happy,Man,24
assets/img_555.jpeg,white,sad,Man,38
assets/img_556.jpeg,white,happy,Man,24
assets/img_557.jpeg,asian,happy,Man,28
assets/img_558.jpeg,latino hispanic,happy,Woman,38
assets/img_559.jpeg,white,fear,Man,30
assets/img_560.jpeg,white,neutral,Man,28
assets/img_561.jpeg,white,neutral,Woman,28
assets/img_562.jpeg,white,fear,Man,44
assets/img_563.jpeg,white,fear,Woman,32
assets/img_564.jpeg,white,happy,Man,34
assets/img_565.jpeg,white,happy,Woman,30
assets/img_566.jpeg,white,happy,Woman,35
assets/img_567.jpeg,white,neutral,Man,29
assets/img_568.jpeg,white,happy,Woman,25
assets/img_569.jpeg,white,happy,Man,48
assets/img_570.jpeg,asian,neutral,Man,22
assets/img_571.jpeg,white,happy,Woman,39
assets/img_572.jpeg,latino hispanic,neutral,Woman,28
assets/img_573.jpeg,white,happy,Woman,27
assets/img_574.jpeg,white,happy,Woman,28
assets/img_575.jpeg,asian,happy,Woman,37
assets/img_576.jpeg,white,happy,Woman,30
assets/img_577.jpeg,white,sad,Man,32
assets/img_578.jpeg,white,happy,Man,28
assets/img_579.jpeg,white,happy,Woman,25
assets/img_580.jpeg,indian,neutral,Man,33
assets/img_581.jpeg,middle eastern,sad,Man,31
assets/img_582.jpeg,middle eastern,neutral,Man,23
assets/img_583.jpeg,asian,sad,Woman,27
assets/img_584.jpeg,white,happy,Woman,35
assets/img_585.jpeg,white,happy,Woman,32
assets/img_586.jpeg,white,happy,Man,33
assets/img_587.jpeg,white,sad,Woman,38
assets/img_588.jpeg,asian,happy,Woman,32
assets/img_589.jpeg,asian,neutral,Man,21
assets/img_590.jpeg,white,happy,Woman,32
assets/img_591.jpeg,white,happy,Woman,28
assets/img_592.jpeg,middle eastern,happy,Woman,30
assets/img_593.jpeg,white,happy,Woman,29
assets/img_594.jpeg,latino hispanic,happy,Man,19
assets/img_595.jpeg,white,fear,Man,31
assets/img_596.jpeg,white,happy,Man,33
assets/img_597.jpeg,white,happy,Woman,31
assets/img_598.jpeg,asian,neutral,Woman,34
assets/img_599.jpeg,white,happy,Man,25
assets/img_600.jpeg,white,sad,Woman,34
assets/img_601.jpeg,white,happy,Man,26
assets/img_602.jpeg,white,neutral,Woman,30
assets/img_603.jpeg,white,happy,Woman,27
assets/img_604.jpeg,white,sad,Man,30
assets/img_605.jpeg,white,sad,Man,30
assets/img_606.jpeg,white,happy,Woman,34
assets/img_607.jpeg,white,happy,Man,25
assets/img_608.jpeg,latino hispanic,happy,Man,40
assets/img_609.jpeg,asian,sad,Woman,30
assets/img_610.jpeg,asian,happy,Woman,31
assets/img_611.jpeg,middle eastern,neutral,Man,28
assets/img_612.jpeg,white,happy,Man,22
assets/img_613.jpeg,white,neutral,Man,30
assets/img_614.jpeg,white,happy,Woman,29
assets/img_615.jpeg,indian,happy,Woman,27
assets/img_616.jpeg,white,happy,Man,22
assets/img_617.jpeg,white,neutral,Man,23
assets/img_618.jpeg,white,happy,Woman,17
assets/img_619.jpeg,white,happy,Woman,37
assets/img_620.jpeg,white,neutral,Man,44
assets/img_621.jpeg,white,neutral,Man,24
assets/img_622.jpeg,white,neutral,Woman,30
assets/img_623.jpeg,white,happy,Man,23
assets/img_624.jpeg,white,happy,Man,25
assets/img_625.jpeg,white,neutral,Man,24
assets/img_626.jpeg,white,happy,Man,29
assets/img_627.jpeg,white,happy,Woman,27
assets/img_628.jpeg,white,happy,Woman,31
assets/img_629.jpeg,latino hispanic,happy,Man,25
assets/img_630.jpeg,asian,neutral,Man,45
assets/img_631.jpeg,middle eastern,happy,Woman,41
assets/img_632.jpeg,white,neutral,Man,31
assets/img_633.jpeg,white,neutral,Man,32
assets/img_634.jpeg,white,happy,Woman,29
assets/img_635.jpeg,white,happy,Man,38
assets/img_636.jpeg,white,happy,Woman,38
assets/img_637.jpeg,white,happy,Woman,35
assets/img_638.jpeg,white,happy,Woman,28
assets/img_639.jpeg,white,happy,Man,29
assets/img_640.jpeg,white,happy,Man,22
assets/img_641.jpeg,white,happy,Man,31
assets/img_642.jpeg,white,happy,Man,28
assets/img_643.jpeg,white,happy,Man,25
assets/img_644.jpeg,white,happy,Woman,28
assets/img_645.jpeg,white,neutral,Man,22
assets/img_646.jpeg,black,happy,Man,28
assets/img_647.jpeg,white,happy,Man,30
assets/img_648.jpeg,latino hispanic,happy,Man,36
assets/img_649.jpeg,white,neutral,Woman,18
assets/img_650.jpeg,white,happy,Woman,30
assets/img_651.jpeg,white,happy,Woman,30
assets/img_652.jpeg,asian,happy,Woman,24
assets/img_653.jpeg,white,happy,Woman,28
assets/img_654.jpeg,white,happy,Man,24
assets/img_655.jpeg,white,happy,Woman,45
assets/img_656.jpeg,white,happy,Woman,29
assets/img_657.jpeg,white,neutral,Man,23
assets/img_658.jpeg,white,happy,Woman,30
assets/img_659.jpeg,white,happy,Woman,21
assets/img_660.jpeg,white,neutral,Woman,15
assets/img_661.jpeg,latino hispanic,happy,Woman,43
assets/img_662.jpeg,white,happy,Man,28
assets/img_663.jpeg,asian,happy,Man,31
assets/img_664.jpeg,white,happy,Man,24
assets/img_665.jpeg,white,happy,Woman,34
assets/img_666.jpeg,white,happy,Woman,23
assets/img_667.jpeg,white,happy,Woman,37
assets/img_668.jpeg,indian,neutral,Woman,36
assets/img_669.jpeg,white,neutral,Man,28
assets/img_670.jpeg,white,happy,Man,27
assets/img_671.jpeg,white,happy,Man,28
assets/img_672.jpeg,white,sad,Man,29
assets/img_673.jpeg,middle eastern,neutral,Man,26
assets/img_674.jpeg,white,neutral,Man,26
assets/img_675.jpeg,white,neutral,Woman,28
assets/img_676.jpeg,white,happy,Woman,34
assets/img_677.jpeg,black,happy,Man,25
assets/img_678.jpeg,white,happy,Woman,23
assets/img_679.jpeg,white,happy,Woman,26
assets/img_680.jpeg,white,happy,Woman,30
assets/img_681.jpeg,white,happy,Woman,30
assets/img_682.jpeg,middle eastern,neutral,Man,31
assets/img_683.jpeg,white,happy,Man,24
assets/img_684.jpeg,white,happy,Woman,27
assets/img_685.jpeg,latino hispanic,neutral,Woman,32
assets/img_686.jpeg,white,happy,Woman,42
assets/img_687.jpeg,white,neutral,Man,24
assets/img_688.jpeg,white,happy,Woman,13
assets/img_689.jpeg,white,happy,Man,27
assets/img_690.jpeg,asian,neutral,Man,23
assets/img_691.jpeg,asian,happy,Woman,33
assets/img_692.jpeg,white,happy,Man,31
assets/img_693.jpeg,white,neutral,Man,24
assets/img_694.jpeg,white,neutral,Man,22
assets/img_695.jpeg,white,happy,Man,31
assets/img_696.jpeg,white,happy,Woman,34
assets/img_697.jpeg,white,happy,Woman,33
assets/img_698.jpeg,asian,neutral,Woman,30
assets/img_699.jpeg,white,angry,Man,30
assets/img_700.jpeg,white,angry,Man,30
assets/img_701.jpeg,white,happy,Woman,48
assets/img_702.jpeg,latino hispanic,happy,Woman,28
assets/img_703.jpeg,latino hispanic,happy,Man,28
assets/img_704.jpeg,asian,happy,Man,40
assets/img_705.jpeg,white,neutral,Man,25
assets/img_706.jpeg,white,happy,Woman,27
assets/img_707.jpeg,white,happy,Man,35
assets/img_708.jpeg,white,happy,Woman,36
assets/img_709.jpeg,white,sad,Woman,32
assets/img_710.jpeg,middle eastern,happy,Man,24
assets/img_711.jpeg,white,neutral,Man,39
assets/img_712.jpeg,asian,happy,Man,26
assets/img_713.jpeg,white,happy,Man,25
assets/img_714.jpeg,white,happy,Woman,31
assets/img_715.jpeg,white,happy,Woman,31
assets/img_716.jpeg,latino hispanic,happy,Woman,48
assets/img_717.jpeg,asian,neutral,Woman,26
assets/img_718.jpeg,white,happy,Man,29
assets/img_719.jpeg,white,happy,Woman,31
assets/img_720.jpeg,white,angry,Man,51
assets/img_721.jpeg,white,happy,Man,28
assets/img_722.jpeg,white,happy,Woman,26
assets/img_723.jpeg,white,happy,Man,24
assets/img_724.jpeg,asian,happy,Woman,47
assets/img_725.jpeg,white,neutral,Man,24
assets/img_726.jpeg,white,happy,Man,23
assets/img_727.jpeg,white,happy,Woman,24
assets/img_728.jpeg,white,happy,Man,25
assets/img_729.jpeg,white,fear,Woman,28
assets/img_730.jpeg,white,happy,Woman,26
assets/img_731.jpeg,white,happy,Woman,34
assets/img_732.jpeg,asian,neutral,Woman,30
assets/img_733.jpeg,white,neutral,Man,29
assets/img_734.jpeg,asian,happy,Woman,30
assets/img_735.jpeg,white,happy,Man,27
assets/img_736.jpeg,white,sad,Man,26
assets/img_737.jpeg,white,happy,Man,23
assets/img_738.jpeg,white,happy,Woman,31
assets/img_739.jpeg,white,happy,Woman,30
assets/img_740.jpeg,white,neutral,Man,22
assets/img_741.jpeg,white,happy,Man,29
assets/img_742.jpeg,white,happy,Woman,36
assets/img_743.jpeg,white,happy,Woman,36
assets/img_744.jpeg,white,happy,Woman,27
assets/img_745.jpeg,white,happy,Woman,27
assets/img_746.jpeg,indian,neutral,Woman,30
assets/img_747.jpeg,white,neutral,Woman,32
assets/img_748.jpeg,white,neutral,Woman,29
assets/img_749.jpeg,white,happy,Woman,31
assets/img_750.jpeg,asian,happy,Woman,37
assets/img_751.jpeg,latino hispanic,happy,Woman,27
assets/img_752.jpeg,white,happy,Woman,22
assets/img_753.jpeg,white,neutral,Woman,23
assets/img_754.jpeg,white,happy,Woman,35
assets/img_755.jpeg,white,happy,Man,26
assets/img_756.jpeg,white,happy,Woman,31
assets/img_757.jpeg,white,happy,Man,36
assets/img_758.jpeg,white,happy,Woman,33
assets/img_759.jpeg,white,happy,Woman,28
assets/img_760.jpeg,latino hispanic,happy,Man,35
assets/img_761.jpeg,white,happy,Woman,38
assets/img_762.jpeg,middle eastern,happy,Man,25
assets/img_763.jpeg,asian,neutral,Woman,31
assets/img_764.jpeg,white,neutral,Woman,32
assets/img_765.jpeg,white,happy,Woman,30
assets/img_766.jpeg,white,happy,Woman,28
assets/img_767.jpeg,white,happy,Woman,39
assets/img_768.jpeg,white,happy,Woman,31
assets/img_769.jpeg,white,happy,Man,27
assets/img_770.jpeg,white,happy,Woman,28
assets/img_771.jpeg,white,happy,Man,29
assets/img_772.jpeg,white,happy,Woman,30
assets/img_773.jpeg,black,neutral,Man,31
assets/img_774.jpeg,white,happy,Woman,35
assets/img_775.jpeg,white,happy,Woman,21
assets/img_776.jpeg,white,happy,Woman,32
assets/img_777.jpeg,white,neutral,Man,28
assets/img_778.jpeg,asian,neutral,Man,44
assets/img_779.jpeg,latino hispanic,happy,Woman,33
assets/img_780.jpeg,white,happy,Man,25
assets/img_781.jpeg,white,happy,Woman,27
assets/img_782.jpeg,white,happy,Woman,32
assets/img_783.jpeg,white,neutral,Man,23
assets/img_784.jpeg,white,neutral,Man,28
assets/img_785.jpeg,white,happy,Man,27
assets/img_786.jpeg,white,happy,Man,26
assets/img_787.jpeg,asian,angry,Man,23
assets/img_788.jpeg,white,happy,Woman,33
assets/img_789.jpeg,middle eastern,happy,Man,29
assets/img_790.jpeg,white,happy,Woman,36
assets/img_791.jpeg,white,happy,Woman,34
assets/img_792.jpeg,white,happy,Man,17
assets/img_793.jpeg,white,happy,Woman,23
assets/img_794.jpeg,white,sad,Man,30
assets/img_795.jpeg,white,happy,Man,23
assets/img_796.jpeg,white,happy,Woman,26
assets/img_797.jpeg,white,angry,Woman,39
assets/img_798.jpeg,white,happy,Woman,26
assets/img_799.jpeg,middle eastern,happy,Man,28
assets/img_800.jpeg,white,happy,Man,31
assets/img_801.jpeg,white,neutral,Man,23
assets/img_802.jpeg,white,happy,Woman,39
assets/img_803.jpeg,asian,happy,Man,31
assets/img_804.jpeg,white,happy,Woman,26
assets/img_805.jpeg,white,neutral,Man,26
assets/img_806.jpeg,white,happy,Woman,40
assets/img_807.jpeg,asian,happy,Woman,31
assets/img_808.jpeg,white,happy,Man,24
assets/img_809.jpeg,white,happy,Woman,29
assets/img_810.jpeg,white,happy,Woman,26
assets/img_811.jpeg,white,neutral,Man,46
assets/img_812.jpeg,white,sad,Woman,31
assets/img_813.jpeg,latino hispanic,neutral,Man,39
assets/img_814.jpeg,white,happy,Man,28
assets/img_815.jpeg,white,neutral,Woman,30
assets/img_816.jpeg,middle eastern,happy,Man,22
assets/img_817.jpeg,white,happy,Woman,29
assets/img_818.jpeg,white,happy,Woman,33
assets/img_819.jpeg,white,happy,Man,16
assets/img_820.jpeg,white,neutral,Woman,30
assets/img_821.jpeg,white,fear,Woman,33
assets/img_822.jpeg,asian,happy,Woman,29
assets/img_823.jpeg,white,fear,Woman,31
assets/img_824.jpeg,asian,happy,Man,26
assets/img_825.jpeg,asian,neutral,Woman,17
assets/img_826.jpeg,white,neutral,Woman,37
assets/img_827.jpeg,white,fear,Woman,36
assets/img_828.jpeg,white,sad,Woman,31
assets/img_829.jpeg,latino hispanic,happy,Man,26
assets/img_830.jpeg,white,happy,Woman,21
assets/img_831.jpeg,white,fear,Woman,36
assets/img_832.jpeg,white,happy,Woman,27
assets/img_833.jpeg,asian,neutral,Woman,16
assets/img_834.jpeg,white,happy,Man,25
assets/img_835.jpeg,asian,sad,Woman,26
assets/img_836.jpeg,white,happy,Man,23
assets/img_837.jpeg,asian,happy,Woman,34
assets/img_838.jpeg,white,sad,Man,26
assets/img_839.jpeg,latino hispanic,fear,Woman,33
assets/img_840.jpeg,white,neutral,Woman,26
assets/img_841.jpeg,black,happy,Woman,30
assets/img_842.jpeg,white,happy,Woman,32
assets/img_843.jpeg,white,neutral,Woman,34
assets/img_844.jpeg,white,happy,Woman,31
assets/img_845.jpeg,white,happy,Man,29
assets/img_846.jpeg,white,happy,Woman,28
assets/img_847.jpeg,white,neutral,Woman,38
assets/img_848.jpeg,white,happy,Woman,31
assets/img_849.jpeg,white,happy,Woman,29
assets/img_850.jpeg,white,happy,Man,26
assets/img_851.jpeg,white,happy,Man,31
assets/img_852.jpeg,white,sad,Woman,32
assets/img_853.jpeg,white,happy,Woman,30
assets/img_854.jpeg,white,fear,Woman,30
assets/img_855.jpeg,white,happy,Man,39
assets/img_856.jpeg,white,happy,Woman,24
assets/img_857.jpeg,white,happy,Woman,32
assets/img_858.jpeg,asian,happy,Man,16
assets/img_859.jpeg,white,happy,Woman,15
assets/img_860.jpeg,white,happy,Woman,32
assets/img_861.jpeg,white,happy,Woman,29
assets/img_862.jpeg,white,happy,Woman,29
assets/img_863.jpeg,white,happy,Woman,25
assets/img_864.jpeg,white,happy,Woman,30
assets/img_865.jpeg,white,happy,Man,29
assets/img_866.jpeg,asian,happy,Man,22
assets/img_867.jpeg,white,fear,Woman,28
assets/img_868.jpeg,white,happy,Man,26
assets/img_869.jpeg,asian,happy,Woman,28
assets/img_870.jpeg,white,neutral,Woman,43
assets/img_871.jpeg,white,angry,Man,30
assets/img_872.jpeg,white,happy,Man,21
assets/img_873.jpeg,white,happy,Woman,41
assets/img_874.jpeg,white,neutral,Man,24
assets/img_875.jpeg,white,happy,Man,27
assets/img_876.jpeg,white,happy,Man,25
assets/img_877.jpeg,white,happy,Man,23
assets/img_878.jpeg,latino hispanic,happy,Man,21
assets/img_879.jpeg,asian,happy,Woman,23
assets/img_880.jpeg,white,neutral,Man,27
assets/img_881.jpeg,asian,happy,Woman,32
assets/img_882.jpeg,white,happy,Man,25
assets/img_883.jpeg,asian,neutral,Man,25
assets/img_884.jpeg,white,happy,Woman,27
assets/img_885.jpeg,white,happy,Woman,31
assets/img_886.jpeg,white,happy,Man,26
assets/img_887.jpeg,white,happy,Woman,26
assets/img_888.jpeg,white,happy,Man,26
assets/img_889.jpeg,latino hispanic,neutral,Woman,18
assets/img_890.jpeg,black,happy,Man,24
assets/img_891.jpeg,middle eastern,neutral,Man,25
assets/img_892.jpeg,white,happy,Woman,30
assets/img_893.jpeg,latino hispanic,neutral,Man,23
assets/img_894.jpeg,white,happy,Woman,31
assets/img_895.jpeg,white,happy,Woman,35
assets/img_896.jpeg,latino hispanic,happy,Woman,31
assets/img_897.jpeg,white,happy,Man,37
assets/img_898.jpeg,white,happy,Woman,25
assets/img_899.jpeg,white,happy,Woman,30
assets/img_900.jpeg,white,neutral,Man,31
assets/img_901.jpeg,middle eastern,happy,Woman,31
assets/img_902.jpeg,white,sad,Woman,36
assets/img_903.jpeg,white,happy,Woman,31
assets/img_904.jpeg,white,happy,Man,31
assets/img_905.jpeg,asian,happy,Man,33
assets/img_906.jpeg,white,happy,Woman,30
assets/img_907.jpeg,white,fear,Woman,32
assets/img_908.jpeg,black,happy,Man,26
assets/img_909.jpeg,white,sad,Man,26
assets/img_910.jpeg,white,happy,Woman,29
assets/img_911.jpeg,white,happy,Man,27
assets/img_912.jpeg,white,happy,Woman,15
assets/img_913.jpeg,white,happy,Woman,26
assets/img_914.jpeg,white,happy,Man,27
assets/img_915.jpeg,latino hispanic,angry,Woman,38
assets/img_916.jpeg,asian,happy,Man,31
assets/img_917.jpeg,white,happy,Man,24
assets/img_918.jpeg,middle eastern,happy,Man,22
assets/img_919.jpeg,white,neutral,Man,25
assets/img_920.jpeg,white,neutral,Man,28
assets/img_921.jpeg,white,happy,Woman,25
assets/img_922.jpeg,white,happy,Woman,26
assets/img_923.jpeg,white,angry,Man,26
assets/img_924.jpeg,white,happy,Man,22
assets/img_925.jpeg,latino hispanic,happy,Woman,25
assets/img_926.jpeg,white,neutral,Man,34
assets/img_927.jpeg,white,happy,Woman,30
assets/img_928.jpeg,asian,happy,Man,45
assets/img_929.jpeg,white,happy,Man,36
assets/img_930.jpeg,white,happy,Man,23
assets/img_931.jpeg,white,happy,Man,23
assets/img_932.jpeg,latino hispanic,happy,Man,26
assets/img_933.jpeg,white,happy,Man,46
assets/img_934.jpeg,latino hispanic,neutral,Man,21
assets/img_935.jpeg,white,happy,Man,29
assets/img_936.jpeg,white,happy,Woman,23
assets/img_937.jpeg,asian,neutral,Woman,33
assets/img_938.jpeg,white,happy,Woman,45
assets/img_939.jpeg,white,happy,Woman,32
assets/img_940.jpeg,latino hispanic,happy,Man,26
assets/img_941.jpeg,middle eastern,happy,Woman,25
assets/img_942.jpeg,white,neutral,Woman,25
assets/img_943.jpeg,white,sad,Man,38
assets/img_944.jpeg,white,happy,Man,26
assets/img_945.jpeg,white,happy,Woman,16
assets/img_946.jpeg,white,happy,Woman,24
assets/img_947.jpeg,asian,happy,Woman,31
assets/img_948.jpeg,middle eastern,happy,Man,30
assets/img_949.jpeg,white,happy,Woman,25
assets/img_950.jpeg,white,happy,Woman,49
assets/img_951.jpeg,white,neutral,Woman,39
assets/img_952.jpeg,asian,happy,Woman,29
assets/img_953.jpeg,white,happy,Man,28
assets/img_954.jpeg,asian,happy,Man,24
assets/img_955.jpeg,white,happy,Man,19
assets/img_956.jpeg,white,happy,Man,27
assets/img_957.jpeg,white,happy,Woman,30
assets/img_958.jpeg,white,neutral,Man,41
assets/img_959.jpeg,white,happy,Man,27
assets/img_960.jpeg,white,happy,Woman,39
assets/img_961.jpeg,white,happy,Man,24
assets/img_962.jpeg,white,happy,Man,26
assets/img_963.jpeg,white,neutral,Woman,20
assets/img_964.jpeg,white,happy,Man,24
assets/img_965.jpeg,white,neutral,Man,33
assets/img_966.jpeg,white,neutral,Man,25
assets/img_967.jpeg,white,happy,Woman,23
assets/img_968.jpeg,asian,neutral,Man,27
assets/img_969.jpeg,white,happy,Man,29
assets/img_970.jpeg,white,neutral,Woman,36
assets/img_971.jpeg,white,happy,Woman,29
assets/img_972.jpeg,white,happy,Man,24
assets/img_973.jpeg,white,happy,Woman,32
assets/img_974.jpeg,indian,happy,Woman,28
assets/img_975.jpeg,white,happy,Man,24
assets/img_976.jpeg,white,happy,Woman,32
assets/img_977.jpeg,white,happy,Woman,43
assets/img_978.jpeg,white,neutral,Man,41
assets/img_979.jpeg,white,happy,Woman,33
assets/img_980.jpeg,latino hispanic,happy,Woman,30
assets/img_981.jpeg,white,happy,Woman,31
assets/img_982.jpeg,white,neutral,Man,30
assets/img_983.jpeg,white,neutral,Man,29
assets/img_984.jpeg,asian,neutral,Woman,31
assets/img_985.jpeg,white,happy,Woman,31
assets/img_986.jpeg,white,neutral,Woman,26
assets/img_987.jpeg,white,happy,Woman,23
assets/img_988.jpeg,white,neutral,Woman,30
assets/img_989.jpeg,white,happy,Man,24
assets/img_990.jpeg,asian,happy,Woman,31
assets/img_991.jpeg,white,neutral,Woman,19
assets/img_992.jpeg,asian,happy,Man,27
assets/img_993.jpeg,white,happy,Man,23
assets/img_994.jpeg,white,happy,Man,25
assets/img_995.jpeg,white,neutral,Man,34
assets/img_996.jpeg,white,happy,Woman,25
assets/img_997.jpeg,middle eastern,happy,Man,39
assets/img_998.jpeg,white,neutral,Man,23
assets/img_999.jpeg,white,happy,Woman,31
assets/img_1000.jpeg,white,happy,Woman,32
